id,name,phone_number,address,title,email,faxNo,inv_address,company,created_at,updated_at
18,"leo das",019102023,india,CEO,leodas@gmail.com,1234567890,"sungai long","Das & CO",2023-10-10T13:24:26.000000Z,2023-11-25T13:24:26.000000Z
19,"Fitri Ramli",0192453159,"Shah Alam",CTO,fitri_ramli@zeta.com,99999123493,"Shah Alam","Zeta Integration",2023-11-25T13:25:30.000000Z,2023-11-25T13:25:30.000000Z
20,John,0126304471,"Bandar Mahkota Cheras","Business lead",john@gmail.com,9876543213,"Jalan presint 7, Putrajaya","Sample Company 1",2023-11-25T13:26:41.000000Z,2023-11-25T13:26:41.000000Z
21,Viki,0189204471,"Bandar Sungai Cheras","Business lead",viki@gmail.com,9838643213,"Jalan presint 7, Putrajaya","Tech Solution",2023-11-25T13:26:41.000000Z,2023-11-25T13:26:41.000000Z
22,Norman,0186712371,"Mont Kiara",CTO,norman@gmail.com,9838643475,"Bandar Sunway",DoctorOnCall,2023-11-25T13:26:41.000000Z,2023-11-25T13:26:41.000000Z
23,Maran,0186759241,"Petaling Jaya",CEO,maran@gmail.com,9838647875,"Bandar Sunway",TechOnCall,2023-11-25T13:26:41.000000Z,2023-11-25T13:26:41.000000Z
