9,"Das & CO","leo das",leodas_07@gmail.com,0182453148,RQ655c58f77ee58,"Final Year Project2",2023-12-07,4000.00,2023-10-10T07:15:03.000000Z,2023-11-24T11:31:00.000000Z,in-progress,15
10,"Das & CO","leo das",das@gmail.com,0182453148,RQ655c5b6f9b67c,"Final Year Project2",2023-11-24,4000.00,2023-10-10T07:25:35.000000Z,2023-10-18T07:06:42.000000Z,approved,15
12,"Zeta Integration","Fitri Ramli",fitri_ramli@zeta.com,01824533444,RQ6560895e96e57,"Final Year Project 22222222",2023-12-06,8000.00,2023-11-24T11:30:38.000000Z,2023-11-24T11:30:57.000000Z,new,15
13,"ABC Corporation","Alice Smith",alice@gmail.com,1234567890,RFQ123,"Sample RFQ",2023-12-01,5000.00,2023-11-24T13:10:11.000000Z,2023-11-24T14:30:46.000000Z,approved,15
14,"XYZ Ltd","Bob Johnson",bob@gmail.com,9876543210,RFQ456,"Another RFQ",2023-12-15,8000.00,2023-11-24T13:10:11.000000Z,2023-11-24T14:38:49.000000Z,approved,9
15,DoctorOnCall,Norman,norman@gmail.com,9873453210,RFQ442443,"Proposal for server maintenance",2023-12-15,8000.00,2023-11-24T13:10:11.000000Z,2023-11-27T13:43:34.000000Z,rejected,15
16,TechOnCall,Maran,maran@gmail.com,98734534763,RFQ53942443,"Proposal for server maintenance",2023-12-15,6000.00,2023-11-24T13:10:11.000000Z,2023-11-24T13:10:11.000000Z,new,9
17,"Zeta Integration","Fitri Ramli",fitri@gmail.com,012334763,RFQ5530443,"Proposal for cloud infra",2023-12-10,7000.00,2023-11-24T13:10:11.000000Z,2023-11-24T14:30:59.000000Z,approved,15
18,Meta,Zack,zack@gmail.com,0123340573,RFQ5510443,"Build an mobile app",2023-12-10,10000.00,2023-11-24T13:10:11.000000Z,2023-11-24T13:10:11.000000Z,new,15
19,X,Elon,elon@gmail.com,01893340573,RFQ9382443,"Proposal for Cybersecurity system",2023-12-02,9000.00,2023-11-24T13:10:11.000000Z,2023-11-24T13:10:11.000000Z,new,15
